Date,Category,Tweet,Likes,Retweets,Clean_Tweet
2025-01-01 00:00:00,Health,Loving this new post about Fitness! #awesome,208,338,loving this new post about fitness awesome
2025-01-01 01:00:00,Tech,Loving this new post about Health! #awesome,279,117,loving this new post about health awesome
2025-01-01 02:00:00,Tech,Loving this new post about Beauty! #awesome,598,318,loving this new post about beauty awesome
2025-01-01 03:00:00,Family,Loving this new post about Beauty! #awesome,613,243,loving this new post about beauty awesome
2025-01-01 04:00:00,Fitness,Loving this new post about Travel! #awesome,970,337,loving this new post about travel awesome
2025-01-01 05:00:00,Travel,Loving this new post about Beauty! #awesome,513,39,loving this new post about beauty awesome
2025-01-01 06:00:00,Health,Loving this new post about Food! #awesome,553,418,loving this new post about food awesome
2025-01-01 07:00:00,Tech,Loving this new post about Fitness! #awesome,744,249,loving this new post about fitness awesome
2025-01-01 08:00:00,Fitness,Loving this new post about Health! #awesome,127,29,loving this new post about health awesome
2025-01-01 09:00:00,Fitness,Loving this new post about Family! #awesome,634,275,loving this new post about family awesome
2025-01-01 10:00:00,Family,Loving this new post about Fitness! #awesome,345,353,loving this new post about fitness awesome
2025-01-01 11:00:00,Food,Loving this new post about Beauty! #awesome,997,82,loving this new post about beauty awesome
2025-01-01 12:00:00,Tech,Loving this new post about Health! #awesome,801,98,loving this new post about health awesome
2025-01-01 13:00:00,Beauty,Loving this new post about Health! #awesome,500,402,loving this new post about health awesome
2025-01-01 14:00:00,Travel,Loving this new post about Tech! #awesome,557,341,loving this new post about tech awesome
2025-01-01 15:00:00,Beauty,Loving this new post about Tech! #awesome,865,210,loving this new post about tech awesome
2025-01-01 17:00:00,Fitness,Loving this new post about Beauty! #awesome,872,236,loving this new post about beauty awesome
2025-01-01 18:00:00,Travel,Loving this new post about Tech! #awesome,153,189,loving this new post about tech awesome
2025-01-01 19:00:00,Health,Loving this new post about Tech! #awesome,459,182,loving this new post about tech awesome
2025-01-01 20:00:00,Travel,Loving this new post about Fitness! #awesome,558,419,loving this new post about fitness awesome
2025-01-01 21:00:00,Travel,Loving this new post about Travel! #awesome,583,279,loving this new post about travel awesome
2025-01-01 22:00:00,Travel,Loving this new post about Health! #awesome,446,430,loving this new post about health awesome
2025-01-01 23:00:00,Family,Loving this new post about Food! #awesome,68,199,loving this new post about food awesome
2025-01-02 00:00:00,Tech,Loving this new post about Fitness! #awesome,403,11,loving this new post about fitness awesome
2025-01-02 01:00:00,Food,Loving this new post about Tech! #awesome,611,25,loving this new post about tech awesome
2025-01-02 02:00:00,Tech,Loving this new post about Food! #awesome,880,27,loving this new post about food awesome
2025-01-02 03:00:00,Fitness,Loving this new post about Food! #awesome,416,103,loving this new post about food awesome
2025-01-02 04:00:00,Family,Loving this new post about Travel! #awesome,283,466,loving this new post about travel awesome
2025-01-02 05:00:00,Tech,Loving this new post about Health! #awesome,969,155,loving this new post about health awesome
2025-01-02 06:00:00,Beauty,Loving this new post about Family! #awesome,722,112,loving this new post about family awesome
2025-01-02 07:00:00,Health,Loving this new post about Beauty! #awesome,516,279,loving this new post about beauty awesome
2025-01-02 08:00:00,Beauty,Loving this new post about Travel! #awesome,366,281,loving this new post about travel awesome
2025-01-02 09:00:00,Beauty,Loving this new post about Fitness! #awesome,351,339,loving this new post about fitness awesome
2025-01-02 10:00:00,Tech,Loving this new post about Health! #awesome,33,132,loving this new post about health awesome
2025-01-02 11:00:00,Beauty,Loving this new post about Family! #awesome,505,315,loving this new post about family awesome
2025-01-02 12:00:00,Family,Loving this new post about Tech! #awesome,256,187,loving this new post about tech awesome
2025-01-02 13:00:00,Tech,Loving this new post about Family! #awesome,29,438,loving this new post about family awesome
2025-01-02 14:00:00,Tech,Loving this new post about Travel! #awesome,616,37,loving this new post about travel awesome
2025-01-02 15:00:00,Tech,Loving this new post about Beauty! #awesome,220,75,loving this new post about beauty awesome
2025-01-02 16:00:00,Travel,Loving this new post about Family! #awesome,422,486,loving this new post about family awesome
2025-01-02 17:00:00,Tech,Loving this new post about Tech! #awesome,620,306,loving this new post about tech awesome
2025-01-02 18:00:00,Family,Loving this new post about Food! #awesome,145,286,loving this new post about food awesome
2025-01-02 19:00:00,Family,Loving this new post about Food! #awesome,923,47,loving this new post about food awesome
2025-01-02 20:00:00,Tech,Loving this new post about Fitness! #awesome,557,111,loving this new post about fitness awesome
2025-01-02 22:00:00,Food,Loving this new post about Health! #awesome,160,172,loving this new post about health awesome
2025-01-03 00:00:00,Fitness,Loving this new post about Beauty! #awesome,227,452,loving this new post about beauty awesome
2025-01-03 01:00:00,Beauty,Loving this new post about Fitness! #awesome,228,29,loving this new post about fitness awesome
2025-01-03 02:00:00,Health,Loving this new post about Family! #awesome,563,232,loving this new post about family awesome
2025-01-03 03:00:00,Travel,Loving this new post about Travel! #awesome,745,326,loving this new post about travel awesome
2025-01-03 04:00:00,Tech,Loving this new post about Family! #awesome,319,110,loving this new post about family awesome
2025-01-03 05:00:00,Health,Loving this new post about Tech! #awesome,243,396,loving this new post about tech awesome
2025-01-03 06:00:00,Health,Loving this new post about Health! #awesome,813,398,loving this new post about health awesome
2025-01-03 07:00:00,Tech,Loving this new post about Tech! #awesome,62,108,loving this new post about tech awesome
2025-01-03 08:00:00,Health,Loving this new post about Food! #awesome,34,337,loving this new post about food awesome
2025-01-03 09:00:00,Food,Loving this new post about Travel! #awesome,390,471,loving this new post about travel awesome
2025-01-03 10:00:00,Tech,Loving this new post about Health! #awesome,533,212,loving this new post about health awesome
2025-01-03 11:00:00,Beauty,Loving this new post about Family! #awesome,243,203,loving this new post about family awesome
2025-01-03 12:00:00,Family,Loving this new post about Family! #awesome,453,458,loving this new post about family awesome
2025-01-03 13:00:00,Fitness,Loving this new post about Travel! #awesome,6,467,loving this new post about travel awesome
2025-01-03 14:00:00,Health,Loving this new post about Food! #awesome,67,356,loving this new post about food awesome
2025-01-03 15:00:00,Beauty,Loving this new post about Fitness! #awesome,53,269,loving this new post about fitness awesome
2025-01-03 16:00:00,Family,Loving this new post about Tech! #awesome,9,46,loving this new post about tech awesome
2025-01-03 17:00:00,Health,Loving this new post about Food! #awesome,397,130,loving this new post about food awesome
2025-01-03 18:00:00,Beauty,Loving this new post about Beauty! #awesome,93,369,loving this new post about beauty awesome
2025-01-03 19:00:00,Family,Loving this new post about Family! #awesome,840,45,loving this new post about family awesome
2025-01-03 20:00:00,Family,Loving this new post about Tech! #awesome,785,52,loving this new post about tech awesome
2025-01-03 21:00:00,Beauty,Loving this new post about Tech! #awesome,788,401,loving this new post about tech awesome
2025-01-03 22:00:00,Health,Loving this new post about Beauty! #awesome,16,488,loving this new post about beauty awesome
2025-01-03 23:00:00,Tech,Loving this new post about Travel! #awesome,381,256,loving this new post about travel awesome
2025-01-04 00:00:00,Fitness,Loving this new post about Fitness! #awesome,930,105,loving this new post about fitness awesome
2025-01-04 01:00:00,Fitness,Loving this new post about Tech! #awesome,371,191,loving this new post about tech awesome
2025-01-04 02:00:00,Fitness,Loving this new post about Fitness! #awesome,886,444,loving this new post about fitness awesome
2025-01-04 03:00:00,Food,Loving this new post about Tech! #awesome,769,461,loving this new post about tech awesome
2025-01-04 04:00:00,Food,Loving this new post about Travel! #awesome,548,166,loving this new post about travel awesome
2025-01-04 05:00:00,Health,Loving this new post about Fitness! #awesome,215,353,loving this new post about fitness awesome
2025-01-04 06:00:00,Health,Loving this new post about Family! #awesome,520,27,loving this new post about family awesome
2025-01-04 07:00:00,Food,Loving this new post about Fitness! #awesome,558,288,loving this new post about fitness awesome
2025-01-04 08:00:00,Fitness,Loving this new post about Tech! #awesome,978,214,loving this new post about tech awesome
2025-01-04 09:00:00,Health,Loving this new post about Fitness! #awesome,845,335,loving this new post about fitness awesome
2025-01-04 11:00:00,Food,Loving this new post about Beauty! #awesome,166,322,loving this new post about beauty awesome
2025-01-04 12:00:00,Family,Loving this new post about Tech! #awesome,317,152,loving this new post about tech awesome
2025-01-04 13:00:00,Fitness,Loving this new post about Family! #awesome,773,283,loving this new post about family awesome
2025-01-04 14:00:00,Beauty,Loving this new post about Tech! #awesome,396,484,loving this new post about tech awesome
2025-01-04 15:00:00,Beauty,Loving this new post about Health! #awesome,348,465,loving this new post about health awesome
2025-01-04 16:00:00,Food,Loving this new post about Health! #awesome,293,176,loving this new post about health awesome
2025-01-04 17:00:00,Tech,Loving this new post about Tech! #awesome,727,296,loving this new post about tech awesome
2025-01-04 18:00:00,Fitness,Loving this new post about Tech! #awesome,104,110,loving this new post about tech awesome
2025-01-04 19:00:00,Fitness,Loving this new post about Health! #awesome,73,6,loving this new post about health awesome
2025-01-04 20:00:00,Family,Loving this new post about Food! #awesome,56,26,loving this new post about food awesome
2025-01-04 21:00:00,Food,Loving this new post about Fitness! #awesome,10,234,loving this new post about fitness awesome
2025-01-04 22:00:00,Family,Loving this new post about Food! #awesome,386,108,loving this new post about food awesome
2025-01-04 23:00:00,Food,Loving this new post about Family! #awesome,101,472,loving this new post about family awesome
2025-01-05 00:00:00,Beauty,Loving this new post about Family! #awesome,489,92,loving this new post about family awesome
2025-01-05 01:00:00,Fitness,Loving this new post about Family! #awesome,226,21,loving this new post about family awesome
2025-01-05 02:00:00,Food,Loving this new post about Health! #awesome,770,318,loving this new post about health awesome
2025-01-05 03:00:00,Food,Loving this new post about Health! #awesome,98,60,loving this new post about health awesome
2025-01-05 04:00:00,Tech,Loving this new post about Beauty! #awesome,621,28,loving this new post about beauty awesome
2025-01-05 05:00:00,Food,Loving this new post about Food! #awesome,653,398,loving this new post about food awesome
2025-01-05 06:00:00,Family,Loving this new post about Fitness! #awesome,697,326,loving this new post about fitness awesome
2025-01-05 08:00:00,Food,Loving this new post about Fitness! #awesome,21,313,loving this new post about fitness awesome
2025-01-05 09:00:00,Health,Loving this new post about Health! #awesome,608,297,loving this new post about health awesome
2025-01-05 10:00:00,Family,Loving this new post about Fitness! #awesome,920,177,loving this new post about fitness awesome
2025-01-05 11:00:00,Beauty,Loving this new post about Travel! #awesome,503,134,loving this new post about travel awesome
2025-01-05 12:00:00,Health,Loving this new post about Travel! #awesome,85,158,loving this new post about travel awesome
2025-01-05 13:00:00,Health,Loving this new post about Travel! #awesome,927,449,loving this new post about travel awesome
2025-01-05 14:00:00,Food,Loving this new post about Fitness! #awesome,312,205,loving this new post about fitness awesome
2025-01-05 15:00:00,Travel,Loving this new post about Food! #awesome,579,486,loving this new post about food awesome
2025-01-05 16:00:00,Family,Loving this new post about Tech! #awesome,389,434,loving this new post about tech awesome
2025-01-05 17:00:00,Food,Loving this new post about Family! #awesome,459,192,loving this new post about family awesome
2025-01-05 19:00:00,Family,Loving this new post about Beauty! #awesome,291,302,loving this new post about beauty awesome
2025-01-05 21:00:00,Beauty,Loving this new post about Family! #awesome,706,241,loving this new post about family awesome
2025-01-05 22:00:00,Tech,Loving this new post about Travel! #awesome,684,12,loving this new post about travel awesome
2025-01-05 23:00:00,Food,Loving this new post about Travel! #awesome,723,320,loving this new post about travel awesome
2025-01-06 00:00:00,Beauty,Loving this new post about Food! #awesome,259,197,loving this new post about food awesome
2025-01-06 01:00:00,Travel,Loving this new post about Beauty! #awesome,675,291,loving this new post about beauty awesome
2025-01-06 02:00:00,Food,Loving this new post about Fitness! #awesome,944,351,loving this new post about fitness awesome
2025-01-06 03:00:00,Food,Loving this new post about Family! #awesome,476,437,loving this new post about family awesome
2025-01-06 04:00:00,Food,Loving this new post about Fitness! #awesome,200,33,loving this new post about fitness awesome
2025-01-06 05:00:00,Food,Loving this new post about Beauty! #awesome,821,58,loving this new post about beauty awesome
2025-01-06 06:00:00,Food,Loving this new post about Tech! #awesome,766,269,loving this new post about tech awesome
2025-01-06 07:00:00,Fitness,Loving this new post about Health! #awesome,388,380,loving this new post about health awesome
2025-01-06 08:00:00,Tech,Loving this new post about Fitness! #awesome,63,99,loving this new post about fitness awesome
2025-01-06 09:00:00,Health,Loving this new post about Travel! #awesome,225,141,loving this new post about travel awesome
2025-01-06 10:00:00,Family,Loving this new post about Beauty! #awesome,733,308,loving this new post about beauty awesome
2025-01-06 11:00:00,Health,Loving this new post about Health! #awesome,46,325,loving this new post about health awesome
2025-01-06 12:00:00,Travel,Loving this new post about Family! #awesome,732,246,loving this new post about family awesome
2025-01-06 13:00:00,Food,Loving this new post about Travel! #awesome,985,499,loving this new post about travel awesome
2025-01-06 14:00:00,Beauty,Loving this new post about Food! #awesome,926,429,loving this new post about food awesome
2025-01-06 15:00:00,Travel,Loving this new post about Tech! #awesome,638,112,loving this new post about tech awesome
2025-01-06 16:00:00,Beauty,Loving this new post about Health! #awesome,894,493,loving this new post about health awesome
2025-01-06 17:00:00,Fitness,Loving this new post about Fitness! #awesome,714,302,loving this new post about fitness awesome
2025-01-06 18:00:00,Food,Loving this new post about Beauty! #awesome,299,357,loving this new post about beauty awesome
2025-01-06 19:00:00,Travel,Loving this new post about Health! #awesome,197,327,loving this new post about health awesome
2025-01-06 20:00:00,Health,Loving this new post about Travel! #awesome,271,336,loving this new post about travel awesome
2025-01-06 21:00:00,Tech,Loving this new post about Food! #awesome,644,369,loving this new post about food awesome
2025-01-06 22:00:00,Travel,Loving this new post about Family! #awesome,235,201,loving this new post about family awesome
2025-01-06 23:00:00,Beauty,Loving this new post about Tech! #awesome,524,3,loving this new post about tech awesome
2025-01-07 00:00:00,Tech,Loving this new post about Travel! #awesome,826,60,loving this new post about travel awesome
2025-01-07 01:00:00,Fitness,Loving this new post about Family! #awesome,518,437,loving this new post about family awesome
2025-01-07 02:00:00,Tech,Loving this new post about Family! #awesome,170,323,loving this new post about family awesome
2025-01-07 03:00:00,Health,Loving this new post about Travel! #awesome,521,163,loving this new post about travel awesome
2025-01-07 04:00:00,Food,Loving this new post about Fitness! #awesome,106,430,loving this new post about fitness awesome
2025-01-07 05:00:00,Tech,Loving this new post about Travel! #awesome,445,310,loving this new post about travel awesome
2025-01-07 06:00:00,Travel,Loving this new post about Food! #awesome,306,111,loving this new post about food awesome
2025-01-07 07:00:00,Food,Loving this new post about Health! #awesome,385,325,loving this new post about health awesome
2025-01-07 09:00:00,Travel,Loving this new post about Family! #awesome,835,430,loving this new post about family awesome
2025-01-07 10:00:00,Health,Loving this new post about Beauty! #awesome,193,291,loving this new post about beauty awesome
2025-01-07 11:00:00,Beauty,Loving this new post about Travel! #awesome,529,152,loving this new post about travel awesome
2025-01-07 12:00:00,Tech,Loving this new post about Beauty! #awesome,429,175,loving this new post about beauty awesome
2025-01-07 13:00:00,Food,Loving this new post about Health! #awesome,593,489,loving this new post about health awesome
2025-01-07 14:00:00,Beauty,Loving this new post about Travel! #awesome,444,167,loving this new post about travel awesome
2025-01-07 15:00:00,Fitness,Loving this new post about Food! #awesome,547,135,loving this new post about food awesome
2025-01-07 16:00:00,Beauty,Loving this new post about Fitness! #awesome,136,75,loving this new post about fitness awesome
2025-01-07 17:00:00,Food,Loving this new post about Beauty! #awesome,75,246,loving this new post about beauty awesome
2025-01-07 18:00:00,Fitness,Loving this new post about Health! #awesome,785,54,loving this new post about health awesome
2025-01-07 19:00:00,Travel,Loving this new post about Tech! #awesome,796,214,loving this new post about tech awesome
2025-01-07 20:00:00,Health,Loving this new post about Family! #awesome,79,315,loving this new post about family awesome
2025-01-07 21:00:00,Family,Loving this new post about Tech! #awesome,701,470,loving this new post about tech awesome
2025-01-07 22:00:00,Family,Loving this new post about Health! #awesome,946,177,loving this new post about health awesome
2025-01-07 23:00:00,Beauty,Loving this new post about Family! #awesome,121,328,loving this new post about family awesome
2025-01-08 00:00:00,Family,Loving this new post about Food! #awesome,704,407,loving this new post about food awesome
2025-01-08 01:00:00,Health,Loving this new post about Tech! #awesome,38,28,loving this new post about tech awesome
2025-01-08 03:00:00,Fitness,Loving this new post about Family! #awesome,257,210,loving this new post about family awesome
2025-01-08 04:00:00,Food,Loving this new post about Health! #awesome,713,486,loving this new post about health awesome
2025-01-08 05:00:00,Tech,Loving this new post about Beauty! #awesome,143,226,loving this new post about beauty awesome
2025-01-08 06:00:00,Travel,Loving this new post about Beauty! #awesome,160,357,loving this new post about beauty awesome
2025-01-08 07:00:00,Family,Loving this new post about Travel! #awesome,400,285,loving this new post about travel awesome
2025-01-08 08:00:00,Family,Loving this new post about Health! #awesome,884,4,loving this new post about health awesome
2025-01-08 09:00:00,Health,Loving this new post about Fitness! #awesome,895,249,loving this new post about fitness awesome
2025-01-08 10:00:00,Tech,Loving this new post about Tech! #awesome,909,273,loving this new post about tech awesome
2025-01-08 11:00:00,Fitness,Loving this new post about Tech! #awesome,870,478,loving this new post about tech awesome
2025-01-08 12:00:00,Food,Loving this new post about Family! #awesome,244,241,loving this new post about family awesome
2025-01-08 13:00:00,Food,Loving this new post about Family! #awesome,283,81,loving this new post about family awesome
2025-01-08 14:00:00,Tech,Loving this new post about Food! #awesome,740,352,loving this new post about food awesome
2025-01-08 15:00:00,Beauty,Loving this new post about Family! #awesome,687,374,loving this new post about family awesome
2025-01-08 16:00:00,Fitness,Loving this new post about Fitness! #awesome,313,275,loving this new post about fitness awesome
2025-01-08 17:00:00,Family,Loving this new post about Travel! #awesome,615,188,loving this new post about travel awesome
2025-01-08 18:00:00,Fitness,Loving this new post about Food! #awesome,202,313,loving this new post about food awesome
2025-01-08 19:00:00,Tech,Loving this new post about Tech! #awesome,165,133,loving this new post about tech awesome
2025-01-08 20:00:00,Travel,Loving this new post about Food! #awesome,9,225,loving this new post about food awesome
2025-01-08 22:00:00,Family,Loving this new post about Health! #awesome,184,54,loving this new post about health awesome
2025-01-08 23:00:00,Fitness,Loving this new post about Travel! #awesome,546,243,loving this new post about travel awesome
2025-01-09 00:00:00,Health,Loving this new post about Tech! #awesome,122,444,loving this new post about tech awesome
2025-01-09 02:00:00,Fitness,Loving this new post about Travel! #awesome,103,92,loving this new post about travel awesome
2025-01-09 03:00:00,Food,Loving this new post about Travel! #awesome,474,58,loving this new post about travel awesome
2025-01-09 04:00:00,Fitness,Loving this new post about Fitness! #awesome,56,95,loving this new post about fitness awesome
2025-01-09 05:00:00,Beauty,Loving this new post about Travel! #awesome,454,53,loving this new post about travel awesome
2025-01-09 06:00:00,Food,Loving this new post about Travel! #awesome,22,49,loving this new post about travel awesome
2025-01-09 07:00:00,Health,Loving this new post about Health! #awesome,670,475,loving this new post about health awesome
2025-01-09 08:00:00,Family,Loving this new post about Travel! #awesome,260,323,loving this new post about travel awesome
2025-01-09 09:00:00,Family,Loving this new post about Health! #awesome,87,333,loving this new post about health awesome
2025-01-09 10:00:00,Fitness,Loving this new post about Food! #awesome,820,43,loving this new post about food awesome
2025-01-09 11:00:00,Tech,Loving this new post about Travel! #awesome,246,486,loving this new post about travel awesome
2025-01-09 12:00:00,Fitness,Loving this new post about Family! #awesome,141,181,loving this new post about family awesome
2025-01-09 13:00:00,Family,Loving this new post about Tech! #awesome,938,183,loving this new post about tech awesome
2025-01-09 14:00:00,Travel,Loving this new post about Beauty! #awesome,388,156,loving this new post about beauty awesome
2025-01-09 15:00:00,Travel,Loving this new post about Food! #awesome,309,8,loving this new post about food awesome
2025-01-09 16:00:00,Tech,Loving this new post about Family! #awesome,485,208,loving this new post about family awesome
2025-01-09 17:00:00,Fitness,Loving this new post about Health! #awesome,593,34,loving this new post about health awesome
2025-01-09 18:00:00,Beauty,Loving this new post about Family! #awesome,743,360,loving this new post about family awesome
2025-01-09 19:00:00,Food,Loving this new post about Food! #awesome,673,156,loving this new post about food awesome
2025-01-09 20:00:00,Beauty,Loving this new post about Family! #awesome,855,35,loving this new post about family awesome
2025-01-09 21:00:00,Health,Loving this new post about Beauty! #awesome,188,220,loving this new post about beauty awesome
2025-01-09 22:00:00,Family,Loving this new post about Fitness! #awesome,46,79,loving this new post about fitness awesome
2025-01-09 23:00:00,Tech,Loving this new post about Food! #awesome,6,457,loving this new post about food awesome
2025-01-10 01:00:00,Food,Loving this new post about Food! #awesome,348,467,loving this new post about food awesome
2025-01-10 02:00:00,Travel,Loving this new post about Food! #awesome,429,446,loving this new post about food awesome
2025-01-10 03:00:00,Family,Loving this new post about Beauty! #awesome,246,235,loving this new post about beauty awesome
2025-01-10 04:00:00,Fitness,Loving this new post about Family! #awesome,796,148,loving this new post about family awesome
2025-01-10 05:00:00,Fitness,Loving this new post about Fitness! #awesome,961,75,loving this new post about fitness awesome
2025-01-10 06:00:00,Food,Loving this new post about Fitness! #awesome,604,206,loving this new post about fitness awesome
2025-01-10 07:00:00,Beauty,Loving this new post about Family! #awesome,333,262,loving this new post about family awesome
2025-01-10 08:00:00,Family,Loving this new post about Family! #awesome,151,418,loving this new post about family awesome
2025-01-10 09:00:00,Tech,Loving this new post about Fitness! #awesome,108,346,loving this new post about fitness awesome
2025-01-10 10:00:00,Health,Loving this new post about Health! #awesome,94,424,loving this new post about health awesome
2025-01-10 11:00:00,Fitness,Loving this new post about Food! #awesome,829,205,loving this new post about food awesome
2025-01-10 12:00:00,Travel,Loving this new post about Fitness! #awesome,401,393,loving this new post about fitness awesome
2025-01-10 13:00:00,Tech,Loving this new post about Food! #awesome,949,267,loving this new post about food awesome
2025-01-10 14:00:00,Travel,Loving this new post about Travel! #awesome,991,422,loving this new post about travel awesome
2025-01-10 15:00:00,Food,Loving this new post about Travel! #awesome,64,370,loving this new post about travel awesome
2025-01-10 16:00:00,Beauty,Loving this new post about Travel! #awesome,400,217,loving this new post about travel awesome
2025-01-10 17:00:00,Tech,Loving this new post about Food! #awesome,793,270,loving this new post about food awesome
2025-01-10 18:00:00,Beauty,Loving this new post about Food! #awesome,286,417,loving this new post about food awesome
2025-01-10 19:00:00,Health,Loving this new post about Beauty! #awesome,261,428,loving this new post about beauty awesome
2025-01-10 20:00:00,Family,Loving this new post about Family! #awesome,682,183,loving this new post about family awesome
2025-01-10 21:00:00,Tech,Loving this new post about Fitness! #awesome,845,497,loving this new post about fitness awesome
2025-01-10 22:00:00,Health,Loving this new post about Food! #awesome,378,106,loving this new post about food awesome
2025-01-10 23:00:00,Food,Loving this new post about Travel! #awesome,131,196,loving this new post about travel awesome
2025-01-11 00:00:00,Beauty,Loving this new post about Travel! #awesome,253,215,loving this new post about travel awesome
2025-01-11 01:00:00,Health,Loving this new post about Food! #awesome,272,3,loving this new post about food awesome
2025-01-11 02:00:00,Health,Loving this new post about Travel! #awesome,593,408,loving this new post about travel awesome
2025-01-11 03:00:00,Tech,Loving this new post about Health! #awesome,341,109,loving this new post about health awesome
2025-01-11 04:00:00,Tech,Loving this new post about Beauty! #awesome,255,468,loving this new post about beauty awesome
2025-01-11 05:00:00,Fitness,Loving this new post about Tech! #awesome,217,318,loving this new post about tech awesome
2025-01-11 06:00:00,Family,Loving this new post about Fitness! #awesome,783,499,loving this new post about fitness awesome
2025-01-11 07:00:00,Food,Loving this new post about Family! #awesome,947,438,loving this new post about family awesome
2025-01-11 08:00:00,Tech,Loving this new post about Tech! #awesome,471,253,loving this new post about tech awesome
2025-01-11 09:00:00,Family,Loving this new post about Food! #awesome,130,243,loving this new post about food awesome
2025-01-11 10:00:00,Health,Loving this new post about Food! #awesome,533,226,loving this new post about food awesome
2025-01-11 11:00:00,Travel,Loving this new post about Travel! #awesome,879,211,loving this new post about travel awesome
2025-01-11 13:00:00,Food,Loving this new post about Health! #awesome,798,494,loving this new post about health awesome
2025-01-11 14:00:00,Family,Loving this new post about Food! #awesome,520,417,loving this new post about food awesome
2025-01-11 15:00:00,Tech,Loving this new post about Beauty! #awesome,204,392,loving this new post about beauty awesome
2025-01-11 16:00:00,Family,Loving this new post about Food! #awesome,581,384,loving this new post about food awesome
2025-01-11 17:00:00,Fitness,Loving this new post about Beauty! #awesome,483,41,loving this new post about beauty awesome
2025-01-11 18:00:00,Tech,Loving this new post about Travel! #awesome,748,68,loving this new post about travel awesome
2025-01-11 19:00:00,Travel,Loving this new post about Fitness! #awesome,332,491,loving this new post about fitness awesome
2025-01-11 20:00:00,Fitness,Loving this new post about Fitness! #awesome,299,389,loving this new post about fitness awesome
2025-01-11 21:00:00,Fitness,Loving this new post about Beauty! #awesome,428,159,loving this new post about beauty awesome
2025-01-11 22:00:00,Fitness,Loving this new post about Travel! #awesome,192,149,loving this new post about travel awesome
2025-01-11 23:00:00,Travel,Loving this new post about Family! #awesome,648,390,loving this new post about family awesome
2025-01-12 00:00:00,Fitness,Loving this new post about Beauty! #awesome,441,437,loving this new post about beauty awesome
2025-01-12 01:00:00,Beauty,Loving this new post about Travel! #awesome,676,68,loving this new post about travel awesome
2025-01-12 02:00:00,Travel,Loving this new post about Health! #awesome,568,408,loving this new post about health awesome
2025-01-12 03:00:00,Tech,Loving this new post about Health! #awesome,65,300,loving this new post about health awesome
2025-01-12 05:00:00,Travel,Loving this new post about Travel! #awesome,168,306,loving this new post about travel awesome
2025-01-12 06:00:00,Fitness,Loving this new post about Beauty! #awesome,432,172,loving this new post about beauty awesome
2025-01-12 07:00:00,Travel,Loving this new post about Food! #awesome,370,374,loving this new post about food awesome
2025-01-12 08:00:00,Health,Loving this new post about Health! #awesome,780,491,loving this new post about health awesome
2025-01-12 09:00:00,Food,Loving this new post about Travel! #awesome,935,499,loving this new post about travel awesome
2025-01-12 10:00:00,Food,Loving this new post about Beauty! #awesome,195,281,loving this new post about beauty awesome
2025-01-12 11:00:00,Tech,Loving this new post about Food! #awesome,676,179,loving this new post about food awesome
2025-01-12 12:00:00,Travel,Loving this new post about Tech! #awesome,154,289,loving this new post about tech awesome
2025-01-12 13:00:00,Health,Loving this new post about Fitness! #awesome,478,449,loving this new post about fitness awesome
2025-01-12 14:00:00,Family,Loving this new post about Tech! #awesome,834,159,loving this new post about tech awesome
2025-01-12 15:00:00,Beauty,Loving this new post about Beauty! #awesome,14,462,loving this new post about beauty awesome
2025-01-12 16:00:00,Food,Loving this new post about Food! #awesome,675,144,loving this new post about food awesome
2025-01-12 17:00:00,Family,Loving this new post about Fitness! #awesome,822,113,loving this new post about fitness awesome
2025-01-12 18:00:00,Family,Loving this new post about Family! #awesome,401,134,loving this new post about family awesome
2025-01-12 19:00:00,Food,Loving this new post about Beauty! #awesome,513,350,loving this new post about beauty awesome
2025-01-12 20:00:00,Food,Loving this new post about Travel! #awesome,798,267,loving this new post about travel awesome
2025-01-12 21:00:00,Fitness,Loving this new post about Tech! #awesome,294,138,loving this new post about tech awesome
2025-01-12 22:00:00,Travel,Loving this new post about Fitness! #awesome,824,47,loving this new post about fitness awesome
2025-01-12 23:00:00,Tech,Loving this new post about Beauty! #awesome,723,488,loving this new post about beauty awesome
2025-01-13 00:00:00,Family,Loving this new post about Tech! #awesome,217,497,loving this new post about tech awesome
2025-01-13 01:00:00,Family,Loving this new post about Family! #awesome,691,205,loving this new post about family awesome
2025-01-13 02:00:00,Beauty,Loving this new post about Tech! #awesome,652,48,loving this new post about tech awesome
2025-01-13 03:00:00,Food,Loving this new post about Family! #awesome,217,32,loving this new post about family awesome
2025-01-13 04:00:00,Fitness,Loving this new post about Beauty! #awesome,202,317,loving this new post about beauty awesome
2025-01-13 05:00:00,Beauty,Loving this new post about Family! #awesome,739,284,loving this new post about family awesome
2025-01-13 06:00:00,Health,Loving this new post about Family! #awesome,905,471,loving this new post about family awesome
2025-01-13 07:00:00,Travel,Loving this new post about Food! #awesome,417,71,loving this new post about food awesome
2025-01-13 08:00:00,Health,Loving this new post about Beauty! #awesome,799,355,loving this new post about beauty awesome
2025-01-13 09:00:00,Travel,Loving this new post about Travel! #awesome,591,283,loving this new post about travel awesome
2025-01-13 10:00:00,Fitness,Loving this new post about Health! #awesome,260,12,loving this new post about health awesome
2025-01-13 12:00:00,Food,Loving this new post about Beauty! #awesome,181,381,loving this new post about beauty awesome
2025-01-13 13:00:00,Food,Loving this new post about Tech! #awesome,343,67,loving this new post about tech awesome
2025-01-13 14:00:00,Food,Loving this new post about Health! #awesome,575,442,loving this new post about health awesome
2025-01-13 15:00:00,Family,Loving this new post about Beauty! #awesome,328,86,loving this new post about beauty awesome
2025-01-13 16:00:00,Health,Loving this new post about Fitness! #awesome,203,361,loving this new post about fitness awesome
2025-01-13 17:00:00,Tech,Loving this new post about Beauty! #awesome,327,487,loving this new post about beauty awesome
2025-01-13 18:00:00,Beauty,Loving this new post about Beauty! #awesome,876,401,loving this new post about beauty awesome
2025-01-13 19:00:00,Fitness,Loving this new post about Tech! #awesome,944,354,loving this new post about tech awesome
2025-01-13 20:00:00,Beauty,Loving this new post about Food! #awesome,214,200,loving this new post about food awesome
2025-01-13 21:00:00,Food,Loving this new post about Travel! #awesome,695,92,loving this new post about travel awesome
2025-01-13 22:00:00,Fitness,Loving this new post about Travel! #awesome,761,419,loving this new post about travel awesome
2025-01-13 23:00:00,Family,Loving this new post about Health! #awesome,107,59,loving this new post about health awesome
2025-01-14 00:00:00,Tech,Loving this new post about Food! #awesome,962,238,loving this new post about food awesome
2025-01-14 02:00:00,Health,Loving this new post about Food! #awesome,528,457,loving this new post about food awesome
2025-01-14 03:00:00,Fitness,Loving this new post about Food! #awesome,864,294,loving this new post about food awesome
2025-01-14 04:00:00,Fitness,Loving this new post about Tech! #awesome,146,42,loving this new post about tech awesome
2025-01-14 05:00:00,Family,Loving this new post about Food! #awesome,414,381,loving this new post about food awesome
2025-01-14 06:00:00,Food,Loving this new post about Food! #awesome,618,484,loving this new post about food awesome
2025-01-14 07:00:00,Travel,Loving this new post about Health! #awesome,932,264,loving this new post about health awesome
2025-01-14 08:00:00,Food,Loving this new post about Travel! #awesome,203,313,loving this new post about travel awesome
2025-01-14 09:00:00,Food,Loving this new post about Fitness! #awesome,348,421,loving this new post about fitness awesome
2025-01-14 10:00:00,Fitness,Loving this new post about Food! #awesome,604,153,loving this new post about food awesome
2025-01-14 11:00:00,Family,Loving this new post about Health! #awesome,701,41,loving this new post about health awesome
2025-01-14 12:00:00,Health,Loving this new post about Family! #awesome,771,294,loving this new post about family awesome
2025-01-14 13:00:00,Family,Loving this new post about Travel! #awesome,191,112,loving this new post about travel awesome
2025-01-14 14:00:00,Fitness,Loving this new post about Health! #awesome,824,404,loving this new post about health awesome
2025-01-14 15:00:00,Health,Loving this new post about Travel! #awesome,447,477,loving this new post about travel awesome
2025-01-14 16:00:00,Food,Loving this new post about Family! #awesome,389,258,loving this new post about family awesome
2025-01-14 17:00:00,Beauty,Loving this new post about Fitness! #awesome,671,405,loving this new post about fitness awesome
2025-01-14 18:00:00,Family,Loving this new post about Tech! #awesome,777,140,loving this new post about tech awesome
2025-01-14 19:00:00,Tech,Loving this new post about Family! #awesome,283,246,loving this new post about family awesome
2025-01-14 20:00:00,Family,Loving this new post about Travel! #awesome,985,33,loving this new post about travel awesome
2025-01-14 21:00:00,Fitness,Loving this new post about Fitness! #awesome,622,345,loving this new post about fitness awesome
2025-01-14 22:00:00,Beauty,Loving this new post about Family! #awesome,776,269,loving this new post about family awesome
2025-01-14 23:00:00,Tech,Loving this new post about Health! #awesome,888,494,loving this new post about health awesome
2025-01-15 00:00:00,Tech,Loving this new post about Health! #awesome,476,281,loving this new post about health awesome
2025-01-15 01:00:00,Health,Loving this new post about Travel! #awesome,279,365,loving this new post about travel awesome
2025-01-15 02:00:00,Beauty,Loving this new post about Fitness! #awesome,848,181,loving this new post about fitness awesome
2025-01-15 03:00:00,Travel,Loving this new post about Food! #awesome,206,76,loving this new post about food awesome
2025-01-15 04:00:00,Family,Loving this new post about Travel! #awesome,532,415,loving this new post about travel awesome
2025-01-15 05:00:00,Fitness,Loving this new post about Travel! #awesome,165,404,loving this new post about travel awesome
2025-01-15 06:00:00,Food,Loving this new post about Health! #awesome,944,112,loving this new post about health awesome
2025-01-15 08:00:00,Health,Loving this new post about Health! #awesome,930,5,loving this new post about health awesome
2025-01-15 09:00:00,Family,Loving this new post about Travel! #awesome,781,290,loving this new post about travel awesome
2025-01-15 10:00:00,Food,Loving this new post about Tech! #awesome,678,318,loving this new post about tech awesome
2025-01-15 12:00:00,Health,Loving this new post about Travel! #awesome,310,456,loving this new post about travel awesome
2025-01-15 13:00:00,Fitness,Loving this new post about Family! #awesome,52,259,loving this new post about family awesome
2025-01-15 14:00:00,Fitness,Loving this new post about Beauty! #awesome,533,95,loving this new post about beauty awesome
2025-01-15 15:00:00,Travel,Loving this new post about Travel! #awesome,754,251,loving this new post about travel awesome
2025-01-15 16:00:00,Family,Loving this new post about Fitness! #awesome,443,278,loving this new post about fitness awesome
2025-01-15 17:00:00,Health,Loving this new post about Tech! #awesome,64,111,loving this new post about tech awesome
2025-01-15 18:00:00,Tech,Loving this new post about Health! #awesome,598,41,loving this new post about health awesome
2025-01-15 19:00:00,Beauty,Loving this new post about Family! #awesome,665,240,loving this new post about family awesome
2025-01-15 20:00:00,Family,Loving this new post about Health! #awesome,840,486,loving this new post about health awesome
2025-01-15 21:00:00,Travel,Loving this new post about Fitness! #awesome,603,8,loving this new post about fitness awesome
2025-01-15 22:00:00,Travel,Loving this new post about Family! #awesome,881,313,loving this new post about family awesome
2025-01-15 23:00:00,Family,Loving this new post about Travel! #awesome,418,399,loving this new post about travel awesome
2025-01-16 00:00:00,Beauty,Loving this new post about Family! #awesome,913,33,loving this new post about family awesome
2025-01-16 01:00:00,Health,Loving this new post about Food! #awesome,65,144,loving this new post about food awesome
2025-01-16 02:00:00,Beauty,Loving this new post about Family! #awesome,834,308,loving this new post about family awesome
2025-01-16 03:00:00,Tech,Loving this new post about Fitness! #awesome,35,126,loving this new post about fitness awesome
2025-01-16 04:00:00,Health,Loving this new post about Food! #awesome,804,485,loving this new post about food awesome
2025-01-16 05:00:00,Travel,Loving this new post about Beauty! #awesome,832,75,loving this new post about beauty awesome
2025-01-16 06:00:00,Beauty,Loving this new post about Beauty! #awesome,99,249,loving this new post about beauty awesome
2025-01-16 07:00:00,Beauty,Loving this new post about Family! #awesome,552,313,loving this new post about family awesome
2025-01-16 08:00:00,Fitness,Loving this new post about Health! #awesome,467,126,loving this new post about health awesome
2025-01-16 09:00:00,Fitness,Loving this new post about Health! #awesome,625,302,loving this new post about health awesome
2025-01-16 10:00:00,Travel,Loving this new post about Tech! #awesome,371,345,loving this new post about tech awesome
2025-01-16 11:00:00,Beauty,Loving this new post about Fitness! #awesome,754,295,loving this new post about fitness awesome
2025-01-16 12:00:00,Fitness,Loving this new post about Food! #awesome,460,170,loving this new post about food awesome
2025-01-16 13:00:00,Travel,Loving this new post about Tech! #awesome,275,340,loving this new post about tech awesome
2025-01-16 14:00:00,Food,Loving this new post about Food! #awesome,706,467,loving this new post about food awesome
2025-01-16 15:00:00,Fitness,Loving this new post about Tech! #awesome,712,161,loving this new post about tech awesome
2025-01-16 16:00:00,Health,Loving this new post about Health! #awesome,514,177,loving this new post about health awesome
2025-01-16 17:00:00,Family,Loving this new post about Food! #awesome,294,82,loving this new post about food awesome
2025-01-16 18:00:00,Beauty,Loving this new post about Beauty! #awesome,313,393,loving this new post about beauty awesome
2025-01-16 19:00:00,Family,Loving this new post about Family! #awesome,431,220,loving this new post about family awesome
2025-01-16 20:00:00,Travel,Loving this new post about Fitness! #awesome,440,69,loving this new post about fitness awesome
2025-01-16 21:00:00,Health,Loving this new post about Food! #awesome,500,276,loving this new post about food awesome
2025-01-16 22:00:00,Food,Loving this new post about Fitness! #awesome,768,263,loving this new post about fitness awesome
2025-01-17 00:00:00,Tech,Loving this new post about Travel! #awesome,543,156,loving this new post about travel awesome
2025-01-17 01:00:00,Tech,Loving this new post about Food! #awesome,355,45,loving this new post about food awesome
2025-01-17 02:00:00,Food,Loving this new post about Travel! #awesome,308,40,loving this new post about travel awesome
2025-01-17 03:00:00,Food,Loving this new post about Health! #awesome,938,428,loving this new post about health awesome
2025-01-17 04:00:00,Food,Loving this new post about Beauty! #awesome,195,315,loving this new post about beauty awesome
2025-01-17 07:00:00,Food,Loving this new post about Travel! #awesome,363,260,loving this new post about travel awesome
2025-01-17 08:00:00,Health,Loving this new post about Beauty! #awesome,170,271,loving this new post about beauty awesome
2025-01-17 09:00:00,Travel,Loving this new post about Tech! #awesome,69,300,loving this new post about tech awesome
2025-01-17 10:00:00,Fitness,Loving this new post about Beauty! #awesome,683,264,loving this new post about beauty awesome
2025-01-17 11:00:00,Family,Loving this new post about Health! #awesome,645,199,loving this new post about health awesome
2025-01-17 12:00:00,Food,Loving this new post about Travel! #awesome,199,345,loving this new post about travel awesome
2025-01-17 13:00:00,Food,Loving this new post about Tech! #awesome,889,479,loving this new post about tech awesome
2025-01-17 14:00:00,Health,Loving this new post about Health! #awesome,189,49,loving this new post about health awesome
2025-01-17 15:00:00,Health,Loving this new post about Health! #awesome,951,380,loving this new post about health awesome
2025-01-17 16:00:00,Family,Loving this new post about Beauty! #awesome,160,256,loving this new post about beauty awesome
2025-01-17 17:00:00,Fitness,Loving this new post about Beauty! #awesome,674,428,loving this new post about beauty awesome
2025-01-17 18:00:00,Travel,Loving this new post about Fitness! #awesome,811,250,loving this new post about fitness awesome
2025-01-17 19:00:00,Beauty,Loving this new post about Food! #awesome,828,449,loving this new post about food awesome
2025-01-17 20:00:00,Family,Loving this new post about Family! #awesome,484,486,loving this new post about family awesome
2025-01-17 21:00:00,Beauty,Loving this new post about Health! #awesome,710,454,loving this new post about health awesome
2025-01-17 22:00:00,Fitness,Loving this new post about Travel! #awesome,144,30,loving this new post about travel awesome
2025-01-18 00:00:00,Health,Loving this new post about Beauty! #awesome,205,92,loving this new post about beauty awesome
2025-01-18 01:00:00,Beauty,Loving this new post about Beauty! #awesome,317,129,loving this new post about beauty awesome
2025-01-18 02:00:00,Beauty,Loving this new post about Beauty! #awesome,417,164,loving this new post about beauty awesome
2025-01-18 03:00:00,Tech,Loving this new post about Travel! #awesome,20,115,loving this new post about travel awesome
2025-01-18 04:00:00,Health,Loving this new post about Fitness! #awesome,400,394,loving this new post about fitness awesome
2025-01-18 05:00:00,Health,Loving this new post about Travel! #awesome,472,169,loving this new post about travel awesome
2025-01-18 06:00:00,Tech,Loving this new post about Travel! #awesome,30,477,loving this new post about travel awesome
2025-01-18 07:00:00,Health,Loving this new post about Food! #awesome,256,470,loving this new post about food awesome
2025-01-18 08:00:00,Health,Loving this new post about Beauty! #awesome,213,225,loving this new post about beauty awesome
2025-01-18 09:00:00,Family,Loving this new post about Fitness! #awesome,22,334,loving this new post about fitness awesome
2025-01-18 10:00:00,Beauty,Loving this new post about Food! #awesome,61,89,loving this new post about food awesome
2025-01-18 11:00:00,Travel,Loving this new post about Family! #awesome,859,483,loving this new post about family awesome
2025-01-18 12:00:00,Fitness,Loving this new post about Beauty! #awesome,686,15,loving this new post about beauty awesome
2025-01-18 13:00:00,Fitness,Loving this new post about Tech! #awesome,28,458,loving this new post about tech awesome
2025-01-18 14:00:00,Family,Loving this new post about Beauty! #awesome,863,13,loving this new post about beauty awesome
2025-01-18 15:00:00,Fitness,Loving this new post about Beauty! #awesome,156,490,loving this new post about beauty awesome
2025-01-18 16:00:00,Health,Loving this new post about Tech! #awesome,603,226,loving this new post about tech awesome
2025-01-18 17:00:00,Tech,Loving this new post about Beauty! #awesome,573,95,loving this new post about beauty awesome
2025-01-18 18:00:00,Health,Loving this new post about Fitness! #awesome,221,89,loving this new post about fitness awesome
2025-01-18 19:00:00,Beauty,Loving this new post about Family! #awesome,252,170,loving this new post about family awesome
2025-01-18 20:00:00,Health,Loving this new post about Food! #awesome,643,150,loving this new post about food awesome
2025-01-18 21:00:00,Health,Loving this new post about Fitness! #awesome,28,32,loving this new post about fitness awesome
2025-01-18 22:00:00,Health,Loving this new post about Family! #awesome,684,376,loving this new post about family awesome
2025-01-18 23:00:00,Family,Loving this new post about Health! #awesome,302,141,loving this new post about health awesome
2025-01-19 00:00:00,Tech,Loving this new post about Travel! #awesome,817,28,loving this new post about travel awesome
2025-01-19 01:00:00,Family,Loving this new post about Tech! #awesome,399,409,loving this new post about tech awesome
2025-01-19 02:00:00,Health,Loving this new post about Travel! #awesome,514,299,loving this new post about travel awesome
2025-01-19 03:00:00,Travel,Loving this new post about Tech! #awesome,660,69,loving this new post about tech awesome
2025-01-19 04:00:00,Beauty,Loving this new post about Beauty! #awesome,148,370,loving this new post about beauty awesome
2025-01-19 05:00:00,Family,Loving this new post about Tech! #awesome,947,254,loving this new post about tech awesome
2025-01-19 06:00:00,Fitness,Loving this new post about Beauty! #awesome,224,212,loving this new post about beauty awesome
2025-01-19 07:00:00,Fitness,Loving this new post about Fitness! #awesome,258,372,loving this new post about fitness awesome
2025-01-19 08:00:00,Fitness,Loving this new post about Health! #awesome,956,425,loving this new post about health awesome
2025-01-19 09:00:00,Fitness,Loving this new post about Travel! #awesome,448,318,loving this new post about travel awesome
2025-01-19 10:00:00,Tech,Loving this new post about Tech! #awesome,411,238,loving this new post about tech awesome
2025-01-19 11:00:00,Travel,Loving this new post about Travel! #awesome,473,300,loving this new post about travel awesome
2025-01-19 12:00:00,Family,Loving this new post about Food! #awesome,195,47,loving this new post about food awesome
2025-01-19 13:00:00,Tech,Loving this new post about Fitness! #awesome,603,452,loving this new post about fitness awesome
2025-01-19 14:00:00,Beauty,Loving this new post about Family! #awesome,955,255,loving this new post about family awesome
2025-01-19 15:00:00,Fitness,Loving this new post about Fitness! #awesome,795,149,loving this new post about fitness awesome
2025-01-19 16:00:00,Fitness,Loving this new post about Travel! #awesome,352,40,loving this new post about travel awesome
2025-01-19 17:00:00,Family,Loving this new post about Food! #awesome,778,91,loving this new post about food awesome
2025-01-19 19:00:00,Food,Loving this new post about Travel! #awesome,153,215,loving this new post about travel awesome
2025-01-19 20:00:00,Tech,Loving this new post about Food! #awesome,991,492,loving this new post about food awesome
2025-01-19 21:00:00,Family,Loving this new post about Food! #awesome,958,47,loving this new post about food awesome
2025-01-19 22:00:00,Travel,Loving this new post about Beauty! #awesome,608,376,loving this new post about beauty awesome
2025-01-19 23:00:00,Travel,Loving this new post about Family! #awesome,751,292,loving this new post about family awesome
2025-01-20 00:00:00,Family,Loving this new post about Tech! #awesome,658,326,loving this new post about tech awesome
2025-01-20 01:00:00,Fitness,Loving this new post about Travel! #awesome,469,333,loving this new post about travel awesome
2025-01-20 02:00:00,Beauty,Loving this new post about Fitness! #awesome,367,156,loving this new post about fitness awesome
2025-01-20 04:00:00,Food,Loving this new post about Food! #awesome,442,331,loving this new post about food awesome
2025-01-20 05:00:00,Travel,Loving this new post about Food! #awesome,766,146,loving this new post about food awesome
2025-01-20 06:00:00,Family,Loving this new post about Travel! #awesome,100,499,loving this new post about travel awesome
2025-01-20 07:00:00,Family,Loving this new post about Food! #awesome,176,459,loving this new post about food awesome
2025-01-20 08:00:00,Family,Loving this new post about Food! #awesome,269,417,loving this new post about food awesome
2025-01-20 09:00:00,Food,Loving this new post about Travel! #awesome,121,112,loving this new post about travel awesome
2025-01-20 10:00:00,Travel,Loving this new post about Travel! #awesome,933,192,loving this new post about travel awesome
2025-01-20 11:00:00,Travel,Loving this new post about Family! #awesome,914,158,loving this new post about family awesome
2025-01-20 12:00:00,Family,Loving this new post about Health! #awesome,604,94,loving this new post about health awesome
2025-01-20 13:00:00,Health,Loving this new post about Travel! #awesome,126,59,loving this new post about travel awesome
2025-01-20 14:00:00,Fitness,Loving this new post about Food! #awesome,926,257,loving this new post about food awesome
2025-01-20 15:00:00,Family,Loving this new post about Travel! #awesome,5,247,loving this new post about travel awesome
2025-01-20 16:00:00,Health,Loving this new post about Beauty! #awesome,580,482,loving this new post about beauty awesome
2025-01-20 17:00:00,Beauty,Loving this new post about Tech! #awesome,242,182,loving this new post about tech awesome
2025-01-20 18:00:00,Food,Loving this new post about Health! #awesome,408,266,loving this new post about health awesome
2025-01-20 19:00:00,Health,Loving this new post about Family! #awesome,903,472,loving this new post about family awesome
2025-01-20 20:00:00,Family,Loving this new post about Health! #awesome,784,268,loving this new post about health awesome
2025-01-20 21:00:00,Beauty,Loving this new post about Beauty! #awesome,390,403,loving this new post about beauty awesome
2025-01-20 22:00:00,Beauty,Loving this new post about Family! #awesome,987,423,loving this new post about family awesome
2025-01-20 23:00:00,Travel,Loving this new post about Beauty! #awesome,998,104,loving this new post about beauty awesome
2025-01-21 00:00:00,Tech,Loving this new post about Health! #awesome,636,62,loving this new post about health awesome
2025-01-21 01:00:00,Beauty,Loving this new post about Health! #awesome,222,179,loving this new post about health awesome
2025-01-21 02:00:00,Health,Loving this new post about Health! #awesome,792,138,loving this new post about health awesome
2025-01-21 03:00:00,Fitness,Loving this new post about Family! #awesome,121,455,loving this new post about family awesome
2025-01-21 04:00:00,Food,Loving this new post about Travel! #awesome,397,156,loving this new post about travel awesome
2025-01-21 05:00:00,Tech,Loving this new post about Food! #awesome,891,10,loving this new post about food awesome
2025-01-21 06:00:00,Beauty,Loving this new post about Tech! #awesome,840,151,loving this new post about tech awesome
2025-01-21 07:00:00,Tech,Loving this new post about Beauty! #awesome,60,148,loving this new post about beauty awesome
2025-01-21 08:00:00,Food,Loving this new post about Travel! #awesome,111,452,loving this new post about travel awesome
2025-01-21 09:00:00,Travel,Loving this new post about Health! #awesome,446,379,loving this new post about health awesome
2025-01-21 10:00:00,Food,Loving this new post about Fitness! #awesome,411,114,loving this new post about fitness awesome
2025-01-21 11:00:00,Travel,Loving this new post about Food! #awesome,854,184,loving this new post about food awesome
2025-01-21 12:00:00,Tech,Loving this new post about Travel! #awesome,729,233,loving this new post about travel awesome
2025-01-21 14:00:00,Family,Loving this new post about Tech! #awesome,521,50,loving this new post about tech awesome
2025-01-21 15:00:00,Health,Loving this new post about Travel! #awesome,153,159,loving this new post about travel awesome
2025-01-21 16:00:00,Family,Loving this new post about Fitness! #awesome,102,68,loving this new post about fitness awesome
2025-01-21 17:00:00,Family,Loving this new post about Fitness! #awesome,915,210,loving this new post about fitness awesome
2025-01-21 18:00:00,Travel,Loving this new post about Fitness! #awesome,141,453,loving this new post about fitness awesome
2025-01-21 19:00:00,Food,Loving this new post about Beauty! #awesome,922,390,loving this new post about beauty awesome
